Hash,Predictions
d3a384c9f82ce1e24e46c288c09787e0063a8c7bd2ebfdc59115ddbda59b1be8,Benign
3dec36cfa9889673c4023870bceec55c51e44074e0a574e22a7c3e8441398764,Benign
eee33120b9c4a8f3aa8f346ecea648329783b2fa54b2bcb03c081c9fd4d2bc3f,Benign
f6fd28c0d537b7ead5c8363a76941d178b4bf33cfc07cf963d3ce008b0236766,Benign
a9d701c3dbda73d38df7f7127861af3c47c499969f307b5af95401e9cbc6fd1c,Benign
7631c876115e39d398aa73d848f7612d01b180aa80d7b3cbb51ced69ef820f60,Benign
b648d5d48a82164549fc9b4fdfe2493133cceac857c19708a79f041f35c893e1,Malware
cce684d88c54834fea9bb97b6f3bc26a54f6ae6f52acf5bb657bded879863805,Benign
09fb694506441a26107311034addd7c2c91b323bff6393a7179e6b0b33e3297a,Benign
9df6c69a25faac1cf36ff7973808c45b9e389fc33afa076ad06ce7a621b4a943,Benign
bd4bf9294f6c882a402dd6ee5d80c36745b8bef37cd69be5dd476e95a510df3c,Benign
f75499b520adb2f8398f8cc9f8fcb633e6ac8e222a7cdb7fc46a823fd7ced41e,Benign
4a7e01824d09eab5b51f9cb96f695f037881dc5b9ae068a863e73879f408b702,Benign
6d6055997e06a6896ffcc4007aef6adf2e9f4c337143fcc044b6677944c6454a,Benign
116429a26c811182ce2707ab06548e3d5ccc8be5fba7006fbfa0e4b4d246232a,Benign
54f651a02672169ae3e72810523016abeea2dcd65f9142486cd06957113a95b9,Benign
cfcad5a54ba8a875f39b83a6009d4589da27ebd99392ed5b14e0b25c584a0063,Benign
9b84e3dfe47b7dd741676e6d2b5d488e9ea17e908a118f10589ec035c2bf8dca,Benign
73bcec3d26500573e2d893caba5d61a3908cf48a648b188948936984fe877562,Malware
538fe2ff8cda056f629450cba8499bcf9b0cc6dd7b53779cc879555f4e1a1eda,Benign
770c76847f68596f27980f49c127939c9f7fb754be635356b5b2699a5205574e,Malware
0008d0135a28f4dce813b0b6590734d4025032c4cb2c9dd4e8ccdfba8eaf4352,Benign
0b7d6b04d26d819831cd7ac950ff8da92c1dd2f094cd6d5f24ed5a0cfa169d84,Benign
889c0218c2d7adf0db5ba78bf8f6d05e8f7aa9b7f01722c2703092e7d4d2af38,Benign
dbbe9c8a25e78482c212689d852294cba3fc1fbd1d889c5955207b9b62de3fdc,Benign
6d6bc86163eef373844447ef0b8c44475998accac60ed88bc4bc27e2701bf5e9,Benign
74e16b1ebb23ae5007b742630dccd00d268aee4bf1afc51727c8edb0e84e0ad3,Benign
68d37787ca77cb2013ffde20f8f1dc37da4c8c6be9740a4a93abb015dfd209fe,Benign
b725f077e9cf01281779adce5e1598fb6b26b1c8f105da9af63aae9fc888a1be,Benign
2732cc713e6a6413cdd71879a26027be6321d4ae0b106fef88c7dfc20a93c0f3,Benign
56970cdd9c0bef069c64e3490b6b79649b00b5e084b8b8f8214b2dcb6a88db82,Benign
35e52e7914156a562f4544676d38ed79be9337b714b64330829bc37f975fc09b,Benign
0b71126912a73f6bff8806117535e0a1ccd2df0090867544bef5d1a4d757089c,Malware
be62f519d9aae18b396d6ec68c24ca9c60d1023db954e0ac4336fcc1242165d8,Benign
2de0a9dfba14ee98adbbe439e12322ec5180f6abd5af9987f03696e92fe2c4b6,Benign
4c9fd86c93c65946c767ec67b2985a4637b34ef1e56d1e83a4fca2ebc4371ee4,Benign
a7398300c2ae9017062d849e94123622adcbdd8d0319f52f93ea8660221bd8c6,Benign
1a3848195bd1fa17ce4b2a3c98218dd03333eda18c2467404b45ae42601ef033,Benign
d79c13c4fdf4901a5e8e153a0388961faab2b78629975206816f523a8a7967bb,Malware
e32fc7acb8580af4ea3d384177e0e1b9a2e609716cd0c38cc4eccdea1df28fba,Benign
f3e9e307a728d922b331eb21a5968f5df6845160585929928d918639de3e090c,Benign
112a25836bb7e3fa17424cb186be1aeecd61de52236f385e16154bf31364262d,Malware
6efdf70ae0ebe2f7a21b66a6dafcbf97032383df8be3d1dbe2a8b2c8f74654a0,Malware
c7aa06d478a7e21d9a878bda66fdfd5b0ab4d5291384336df69569b7876dafad,Malware
f24902de91b00199c9d91e4405d9fe01de75d845cd1090a8a2feb5337aa06303,Malware
f411e4c0139b9370a0a27c5bacb3e3e2b52eeb0f7935cdf8f2a3755975f1c595,Malware
885047a1d66c1c802bcb55e15eca28f47b871c30b3ad0f3f6b06a3910940571a,Malware
857aeef36162f36f47b5d05569ac20e7b281de917e0ce2694c2736a32a25fca9,Malware
0d09457dd9b686a46a16e7009fe938c4617602a2e2b37de0d2e54d0ba3bf0fbc,Malware
9d58a0f90cd05e6973ccec845adf54da9f46d7b53e2368deff4c4c61707fd2db,Malware
823eebe46e820096299dd74bd03d8659a54f0fa761c86a6e69dd67165f3573b0,Malware
5bc8a0c000323dd73b522fdf24d364022501146ebaeca8a250ee3691dac2c0a7,Malware
a0c94232cde67e10b2b3f2df655381e5994fa7a4e7e849c804642e6d20d1c727,Malware
69211e2eaba4ccbfa229edaa43c04183c8f9e098ad2f1c7783f9326f8570c0ce,Malware
c86a77f838c6a9542ed1600885eedc99fd18c1b9b91e617d118b360d2145ada3,Malware
5514ca1e45d65edbeb2be9aa50732e9fa880777cb9532f463fa216e5db5bf2ac,Malware
cd3d782c63dcb117929f17057af92bd3e3b05c4eec914df8d71626124a8c8901,Malware
4ffe44811c543ba00f2f0c5ce10be0733f22a3ec5f87c0d0437f0fb757fa72a3,Malware
5f3643a2c71c32ea90d4db8bf2bce1e9ee030b84f0d50969b296d067822a11cb,Malware
19ccb1f8d9439b9fa6633e666db3cf09659b683e4cbd8781aeeb4656486ea8e8,Malware
1d38b1a61181ec8f75c34eb474db00e4ff4ff51695d3adcd01ad6966739599a7,Malware
ce870ed18b24d1a732b886f94948dad3d3dd0437fcba2900b247426a78bdf3e0,Malware
5cf568decbb648505052ed0cfe2fb9afec8b0db3bcbe5ef8d0c2352755f90c09,Malware
a24af65984c6fddd4eda89e1565efa861db9cdedce4c99da077d9c809ba148a0,Malware
6f70433c7874084410e3bbbb6a4630a6d4e54bd24d94e2d22f3fdfea176c5ae7,Malware
2b3dd6b389e78e7048a4ee137956b1d3a5677c779133aaf808e05a99be3952c6,Malware
7bb37cfa4ca4d684eefd6da707c321b86f705125505335ca53e4600311af53cb,Malware
a72f16cef012351e68e24b4f1f387d8c9acd63726c264c19b2f19d30833ce84f,Malware
d0d01111c4708f39b2d2cc63762a9067f20e958dc3db36840bd846ca7f010b21,Malware
a436afeacb0d299e977244df04df970c87224219727fa9bec2dc3113e8be72c8,Malware
d81d28aa50247c58ce9d15c005955d1c3913d14df616bd212d77505aa2abf134,Malware
2d7b9008f6388afcf518b893adf999f5724ae303aa762370fc3fce01c269a0f3,Malware
747506e154b1f2d87a79dab036ee74793ffe209355ae20dc018d7c22d9154fd9,Malware
259f30eb57ff98bae7b90965264da506a4d52e363fbe3aad13d1a5a9dfa515a2,Malware
fa1ca7894431b95750459837ccf2ebcf01f9437a87949ed092636d97cdc82539,Malware
cd6e8b0a83a691dcba89084075e2f1a1c19ab8bbac3f2cd36dcc9927ba59e284,Malware
ff40a70ce6179816fee6a446385c1336aedb0cfee2fea8135b98175d1ec4a484,Malware
805d1f88ac705bdcccbf37b5eaade0c1a9771c70c5eb879bb0cc1a714e8820cc,Malware
9d3f31e34aa021dd195b6199698d57634925169f3b33a348e146ecccbfe077f6,Malware
73208d77be6bc01d366d733bce7c10847a6ed1c947346b07aeb519673b86242e,Malware
